,name,author,rating,year,genre
0,10-Day Green Smoothie Cleanse,JJ Smith,4.7,2016,Non Fiction
1,11/22/63: A Novel,Stephen King,4.6,2011,Fiction
2,12 Rules for Life: An Antidote to Chaos,Jordan B. Peterson,4.7,2018,Non Fiction
3,1984 (Signet Classics),George Orwell,4.7,2017,Fiction
4,"5,000 Awesome Facts (About Everything!) (National Geographic Kids)",National Geographic Kids,4.8,2019,Childrens
5,A Dance with Dragons (A Song of Ice and Fire),George R. R. Martin,4.4,2011,Fiction
6,A Game of Thrones / A Clash of Kings / A Storm of Swords / A Feast of Crows / A Dance with Dragons,George R. R. Martin,4.7,2014,Fiction
7,A Gentleman in Moscow: A Novel,Amor Towles,4.7,2017,Fiction
8,"A Higher Loyalty: Truth, Lies, and Leadership",James Comey,4.7,2018,Non Fiction
9,A Man Called Ove: A Novel,Fredrik Backman,4.6,2016,Fiction
10,A Patriot's History of the United States: From Columbus's Great Discovery to the War on Terror,Larry Schweikart,4.6,2010,Non Fiction
11,A Stolen Life: A Memoir,Jaycee Dugard,4.6,2011,Non Fiction
12,A Wrinkle in Time (Time Quintet),Madeleine L'Engle,4.5,2018,Fiction
13,"Act Like a Lady, Think Like a Man: What Men Really Think About Love, Relationships, Intimacy, and Commitment",Steve Harvey,4.6,2009,Non Fiction
14,"Adult Coloring Book Designs: Stress Relief Coloring Book: Garden Designs, Mandalas, Animals, and Paisley Patterns",Adult Coloring Book Designs,4.5,2016,Non Fiction
15,Adult Coloring Book: Stress Relieving Animal Designs,Blue Star Coloring,4.6,2015,Non Fiction
16,Adult Coloring Book: Stress Relieving Patterns,Blue Star Coloring,4.4,2015,Non Fiction
17,"Adult Coloring Books: A Coloring Book for Adults Featuring Mandalas and Henna Inspired Flowers, Animals, and Paisley…",Coloring Books for Adults,4.5,2015,Non Fiction
18,Alexander Hamilton,Ron Chernow,4.8,2016,Non Fiction
19,All the Light We Cannot See,Anthony Doerr,4.6,2014,Fiction
20,Allegiant,Veronica Roth,3.9,2013,Fiction
21,American Sniper: The Autobiography of the Most Lethal Sniper in U.S. Military History,Chris Kyle,4.6,2015,Non Fiction
22,And the Mountains Echoed,Khaled Hosseini,4.3,2013,Fiction
23,Arguing with Idiots: How to Stop Small Minds and Big Government,Glenn Beck,4.6,2009,Non Fiction
24,Astrophysics for People in a Hurry,Neil deGrasse Tyson,4.7,2017,Non Fiction
25,"Autobiography of Mark Twain, Vol. 1",Mark Twain,4.2,2010,Non Fiction
26,Baby Touch and Feel: Animals,DK,4.6,2015,Childrens
27,Balance (Angie's Extreme Stress Menders),Angie Grace,4.6,2015,Non Fiction
28,Barefoot Contessa Foolproof: Recipes You Can Trust: A Cookbook,Ina Garten,4.8,2012,Non Fiction
29,"Barefoot Contessa, How Easy Is That?: Fabulous Recipes & Easy Tips",Ina Garten,4.7,2010,Non Fiction
30,Becoming,Michelle Obama,4.8,2018,Non Fiction
31,Being Mortal: Medicine and What Matters in the End,Atul Gawande,4.8,2015,Non Fiction
32,Between the World and Me,Ta-Nehisi Coates,4.7,2015,Non Fiction
33,Born to Run,Bruce Springsteen,4.7,2016,Non Fiction
34,"Breaking Dawn (The Twilight Saga, Book 4)",Stephenie Meyer,4.6,2009,Fiction
35,"Broke: The Plan to Restore Our Trust, Truth and Treasure",Glenn Beck,4.5,2010,Non Fiction
36,"Brown Bear, Brown Bear, What Do You See?",Bill Martin Jr.,4.9,2017,Childrens
37,"Cabin Fever (Diary of a Wimpy Kid, Book 6)",Jeff Kinney,4.8,2011,Childrens
38,Calm the F*ck Down: An Irreverent Adult Coloring Book (Irreverent Book Series),Sasha O'Hara,4.6,2016,Non Fiction
39,Can't Hurt Me: Master Your Mind and Defy the Odds,David Goggins,4.8,2019,Non Fiction
40,Capital in the Twenty First Century,Thomas Piketty,4.5,2014,Non Fiction
41,Catching Fire (The Hunger Games),Suzanne Collins,4.7,2010,Fiction
42,Cravings: Recipes for All the Food You Want to Eat: A Cookbook,Chrissy Teigen,4.7,2016,Non Fiction
43,Crazy Love: Overwhelmed by a Relentless God,Francis Chan,4.7,2009,Non Fiction
44,Crazy Rich Asians (Crazy Rich Asians Trilogy),Kevin Kwan,4.3,2018,Fiction
45,Creative Haven Creative Cats Coloring Book (Adult Coloring),Marjorie Sarnat,4.8,2015,Non Fiction
46,Creative Haven Owls Coloring Book (Adult Coloring),Marjorie Sarnat,4.8,2015,Non Fiction
47,Cutting for Stone,Abraham Verghese,4.6,2010,Fiction
48,"Daring Greatly: How the Courage to Be Vulnerable Transforms the Way We Live, Love, Parent, and Lead",Brené Brown,4.8,2013,Non Fiction
49,"David and Goliath: Underdogs, Misfits, and the Art of Battling Giants",Malcolm Gladwell,4.4,2013,Non Fiction
50,Dead And Gone: A Sookie Stackhouse Novel (Sookie Stackhouse/True Blood),Charlaine Harris,4.6,2009,Fiction
51,"Dead in the Family (Sookie Stackhouse/True Blood, Book 10)",Charlaine Harris,4.3,2010,Fiction
52,"Dead Reckoning (Sookie Stackhouse/True Blood, Book 11)",Charlaine Harris,4.2,2011,Fiction
53,Dear Zoo: A Lift-the-Flap Book,Rod Campbell,4.8,2015,Childrens
54,Decision Points,George W. Bush,4.6,2010,Non Fiction
55,"Delivering Happiness: A Path to Profits, Passion, and Purpose",Tony Hsieh,4.6,2010,Non Fiction
56,"Diagnostic and Statistical Manual of Mental Disorders, 5th Edition: DSM-5",American Psychiatric Association,4.5,2013,Non Fiction
57,"Diary of a Wimpy Kid: Hard Luck, Book 8",Jeff Kinney,4.8,2013,Childrens
58,Diary of a Wimpy Kid: The Last Straw (Book 3),Jeff Kinney,4.8,2009,Childrens
59,Diary of a Wimpy Kid: The Long Haul,Jeff Kinney,4.8,2014,Childrens
60,Difficult Riddles For Smart Kids: 300 Difficult Riddles And Brain Teasers Families Will Love (Books for Smart Kids),M Prefontaine,4.6,2019,Childrens
61,Divergent,Veronica Roth,4.6,2013,Fiction
62,Divergent / Insurgent,Veronica Roth,4.5,2014,Fiction
63,"Divine Soul Mind Body Healing and Transmission System: The Divine Way to Heal You, Humanity, Mother Earth, and All…",Zhi Gang Sha,4.6,2009,Non Fiction
64,Doctor Sleep: A Novel,Stephen King,4.7,2013,Fiction
65,"Dog Days (Diary of a Wimpy Kid, Book 4) (Volume 4)",Jeff Kinney,4.8,2009,Childrens
66,Dog Man and Cat Kid: From the Creator of Captain Underpants (Dog Man #4),Dav Pilkey,4.9,2018,Childrens
67,Dog Man: A Tale of Two Kitties: From the Creator of Captain Underpants (Dog Man #3),Dav Pilkey,4.9,2017,Childrens
68,Dog Man: Brawl of the Wild: From the Creator of Captain Underpants (Dog Man #6),Dav Pilkey,4.9,2018,Childrens
69,Dog Man: Fetch-22: From the Creator of Captain Underpants (Dog Man #8),Dav Pilkey,4.9,2019,Childrens
70,Dog Man: For Whom the Ball Rolls: From the Creator of Captain Underpants (Dog Man #7),Dav Pilkey,4.9,2019,Childrens
71,Dog Man: Lord of the Fleas: From the Creator of Captain Underpants (Dog Man #5),Dav Pilkey,4.9,2018,Childrens
72,Double Down (Diary of a Wimpy Kid #11),Jeff Kinney,4.8,2016,Childrens
73,Dover Creative Haven Art Nouveau Animal Designs Coloring Book (Creative Haven Coloring Books),Marty Noble,4.6,2015,Non Fiction
74,Drive: The Surprising Truth About What Motivates Us,Daniel H. Pink,4.5,2010,Non Fiction
75,Eat This Not That! Supermarket Survival Guide: The No-Diet Weight Loss Solution,David Zinczenko,4.5,2009,Non Fiction
76,"Eat This, Not That! Thousands of Simple Food Swaps that Can Save You 10, 20, 30 Pounds--or More!",David Zinczenko,4.3,2009,Non Fiction
77,"Eat to Live: The Amazing Nutrient-Rich Program for Fast and Sustained Weight Loss, Revised Edition",Joel Fuhrman MD,4.5,2011,Non Fiction
78,Eclipse (Twilight Sagas),Stephenie Meyer,4.7,2009,Fiction
79,Eclipse (Twilight),Stephenie Meyer,4.7,2009,Fiction
80,Educated: A Memoir,Tara Westover,4.7,2018,Non Fiction
81,"Enchanted Forest: An Inky Quest and Coloring book (Activity Books, Mindfulness and Meditation, Illustrated Floral Prints…",Johanna Basford,4.7,2015,Non Fiction
82,Fahrenheit 451,Ray Bradbury,4.6,2016,Fiction
83,Fantastic Beasts and Where to Find Them: The Original Screenplay (Harry Potter),J.K. Rowling,4.7,2016,Fiction
84,Fear: Trump in the White House,Bob Woodward,4.4,2018,Non Fiction
85,Fifty Shades Darker,E L James,4.4,2012,Fiction
86,Fifty Shades Freed: Book Three of the Fifty Shades Trilogy (Fifty Shades of Grey Series) (English Edition),E L James,4.5,2012,Fiction
87,Fifty Shades of Grey: Book One of the Fifty Shades Trilogy (Fifty Shades of Grey Series),E L James,3.8,2012,Fiction
88,Fifty Shades Trilogy (Fifty Shades of Grey / Fifty Shades Darker / Fifty Shades Freed),E L James,4.5,2012,Fiction
89,Fire and Fury: Inside the Trump White House,Michael Wolff,4.2,2018,Non Fiction
90,First 100 Words,Roger Priddy,4.7,2014,Non Fiction
91,Food Rules: An Eater's Manual,Michael Pollan,4.4,2010,Non Fiction
92,Frozen (Little Golden Book),RH Disney,4.7,2014,Fiction
93,"Game Change: Obama and the Clintons, McCain and Palin, and the Race of a Lifetime",John Heilemann,4.4,2010,Non Fiction
94,Game of Thrones Boxed Set: A Game of Thrones/A Clash of Kings/A Storm of Swords/A Feast for Crows,George R.R. Martin,4.6,2011,Fiction
95,George Washington's Sacred Fire,Peter A. Lillback,4.5,2010,Non Fiction
96,George Washington's Secret Six: The Spy Ring That Saved the American Revolution,Brian Kilmeade,4.6,2013,Non Fiction
97,Giraffes Can't Dance,Giles Andreae,4.8,2015,Childrens
98,"Girl, Stop Apologizing: A Shame-Free Plan for Embracing and Achieving Your Goals",Rachel Hollis,4.6,2019,Non Fiction
99,"Girl, Wash Your Face: Stop Believing the Lies About Who You Are So You Can Become Who You Were Meant to Be",Rachel Hollis,4.6,2018,Non Fiction
100,"Glenn Beck's Common Sense: The Case Against an Out-of-Control Government, Inspired by Thomas Paine",Glenn Beck,4.6,2009,Non Fiction
101,Go Set a Watchman: A Novel,Harper Lee,3.6,2015,Fiction
102,Go the F**k to Sleep,Adam Mansbach,4.8,2011,Fiction
103,Going Rogue: An American Life,Sarah Palin,4.6,2009,Non Fiction
104,Gone Girl,Gillian Flynn,4.0,2012,Fiction
105,Good Days Start With Gratitude: A 52 Week Guide To Cultivate An Attitude Of Gratitude: Gratitude Journal,Pretty Simple Press,4.6,2019,Non Fiction
106,Good to Great: Why Some Companies Make the Leap and Others Don't,Jim Collins,4.5,2009,Non Fiction
107,Goodnight Moon,Margaret Wise Brown,4.8,2017,Fiction
108,"Goodnight, Goodnight Construction Site (Hardcover Books for Toddlers, Preschool Books for Kids)",Sherri Duskey Rinker,4.9,2012,Childrens
109,"Grain Brain: The Surprising Truth about Wheat, Carbs, and Sugar--Your Brain's Silent Killers",David Perlmutter MD,4.6,2014,Non Fiction
110,Grey: Fifty Shades of Grey as Told by Christian (Fifty Shades of Grey Series),E L James,4.4,2015,Fiction
111,Guts,Raina Telgemeier,4.8,2019,Non Fiction
112,Hamilton: The Revolution,Lin-Manuel Miranda,4.9,2016,Non Fiction
113,"Happy, Happy, Happy: My Life and Legacy as the Duck Commander",Phil Robertson,4.8,2013,Non Fiction
114,"Harry Potter and the Chamber of Secrets: The Illustrated Edition (Harry Potter, Book 2)",J.K. Rowling,4.9,2016,Fiction
115,"Harry Potter and the Cursed Child, Parts 1 & 2, Special Rehearsal Edition Script",J.K. Rowling,4.0,2016,Fiction
116,"Harry Potter and the Goblet of Fire: The Illustrated Edition (Harry Potter, Book 4) (4)",J. K. Rowling,4.9,2019,Fiction
117,"Harry Potter and the Prisoner of Azkaban: The Illustrated Edition (Harry Potter, Book 3)",J.K. Rowling,4.9,2017,Fiction
118,"Harry Potter and the Sorcerer's Stone: The Illustrated Edition (Harry Potter, Book 1)",J.K. Rowling,4.9,2016,Fiction
119,Harry Potter Coloring Book,Scholastic,4.7,2015,Non Fiction
120,Harry Potter Paperback Box Set (Books 1-7),J. K. Rowling,4.8,2016,Fiction
121,Have a Little Faith: A True Story,Mitch Albom,4.8,2009,Non Fiction
122,Heaven is for Real: A Little Boy's Astounding Story of His Trip to Heaven and Back,Todd Burpo,4.7,2011,Non Fiction
123,Hillbilly Elegy: A Memoir of a Family and Culture in Crisis,J. D. Vance,4.4,2016,Non Fiction
124,Homebody: A Guide to Creating Spaces You Never Want to Leave,Joanna Gaines,4.8,2018,Non Fiction
125,How to Win Friends & Influence People,Dale Carnegie,4.7,2014,Non Fiction
126,Howard Stern Comes Again,Howard Stern,4.3,2019,Non Fiction
127,Humans of New York,Brandon Stanton,4.8,2013,Non Fiction
128,Humans of New York : Stories,Brandon Stanton,4.9,2015,Non Fiction
129,"Hyperbole and a Half: Unfortunate Situations, Flawed Coping Mechanisms, Mayhem, and Other Things That Happened",Allie Brosh,4.7,2013,Non Fiction
130,"I Am Confident, Brave & Beautiful: A Coloring Book for Girls",Hopscotch Girls,4.8,2019,Non Fiction
131,"I, Alex Cross",James Patterson,4.6,2009,Fiction
132,If Animals Kissed Good Night,Ann Whitford Paul,4.8,2017,Fiction
133,If I Stay,Gayle Forman,4.3,2014,Fiction
134,"In the Garden of Beasts: Love, Terror, and an American Family in Hitler's Berlin",Eric Larson,4.4,2011,Non Fiction
135,Inferno,Dan Brown,4.1,2013,Fiction
136,Inheritance: Book IV (Inheritance Cycle),Christopher Paolini,4.6,2011,Fiction
137,Instant Pot Pressure Cooker Cookbook: 500 Everyday Recipes for Beginners and Advanced Users. Try Easy and Healthy…,Jennifer Smith,4.4,2019,Non Fiction
138,It's Not Supposed to Be This Way: Finding Unexpected Strength When Disappointments Leave You Shattered,Lysa TerKeurst,4.8,2019,Non Fiction
139,Jesus Calling: Enjoying Peace in His Presence (with Scripture References),Sarah Young,4.9,2011,Non Fiction
140,JOURNEY TO THE ICE P,RH Disney,4.6,2014,Fiction
141,Joyland (Hard Case Crime),Stephen King,4.5,2013,Fiction
142,Killers of the Flower Moon: The Osage Murders and the Birth of the FBI,David Grann,4.6,2017,Non Fiction
143,Killing Jesus (Bill O'Reilly's Killing Series),Bill O'Reilly,4.5,2013,Non Fiction
144,Killing Kennedy: The End of Camelot,Bill O'Reilly,4.6,2012,Non Fiction
145,Killing Lincoln: The Shocking Assassination that Changed America Forever (Bill O'Reilly's Killing Series),Bill O'Reilly,4.7,2011,Non Fiction
146,Killing Patton: The Strange Death of World War II's Most Audacious General (Bill O'Reilly's Killing Series),Bill O'Reilly,4.6,2014,Non Fiction
147,Killing Reagan: The Violent Assault That Changed a Presidency (Bill O'Reilly's Killing Series),Bill O'Reilly,4.6,2015,Non Fiction
148,Killing the Rising Sun: How America Vanquished World War II Japan (Bill O'Reilly's Killing Series),Bill O'Reilly,4.8,2016,Non Fiction
149,Kitchen Confidential Updated Edition: Adventures in the Culinary Underbelly (P.S.),Anthony Bourdain,4.8,2018,Non Fiction
150,Knock-Knock Jokes for Kids,Rob Elliott,4.5,2013,Childrens
151,"Last Week Tonight with John Oliver Presents A Day in the Life of Marlon Bundo (Better Bundo Book, LGBT Childrens Book)",Jill Twiss,4.9,2018,Fiction
152,Laugh-Out-Loud Jokes for Kids,Rob Elliott,4.6,2013,Childrens
153,"Lean In: Women, Work, and the Will to Lead",Sheryl Sandberg,4.5,2013,Non Fiction
154,Leonardo da Vinci,Walter Isaacson,4.5,2017,Non Fiction
155,Lettering and Modern Calligraphy: A Beginner's Guide: Learn Hand Lettering and Brush Lettering,Paper Peony Press,4.4,2018,Non Fiction
156,Liberty and Tyranny: A Conservative Manifesto,Mark R. Levin,4.8,2009,Non Fiction
157,Life,Keith Richards,4.5,2010,Non Fiction
158,Little Bee: A Novel,Chris Cleave,4.1,2010,Fiction
159,Little Blue Truck,Alice Schertle,4.9,2014,Fiction
160,Little Fires Everywhere,Celeste Ng,4.5,2018,Fiction
161,Looking for Alaska,John Green,4.5,2014,Fiction
162,"Love Wins: A Book About Heaven, Hell, and the Fate of Every Person Who Ever Lived",Rob Bell,4.2,2011,Non Fiction
163,Love You Forever,Robert Munsch,4.8,2014,Childrens
164,Magnolia Table: A Collection of Recipes for Gathering,Joanna Gaines,4.8,2018,Non Fiction
165,Make It Ahead: A Barefoot Contessa Cookbook,Ina Garten,4.5,2014,Non Fiction
166,Make Your Bed: Little Things That Can Change Your Life...And Maybe the World,Admiral William H. McRaven,4.7,2017,Non Fiction
167,"Mastering the Art of French Cooking, Vol. 2",Julia Child,4.8,2009,Non Fiction
168,Milk and Honey,Rupi Kaur,4.7,2016,Non Fiction
169,Milk and Vine: Inspirational Quotes From Classic Vines,Adam Gasiewski,4.4,2017,Non Fiction
170,Mindset: The New Psychology of Success,Carol S. Dweck,4.6,2014,Non Fiction
171,Mockingjay (The Hunger Games),Suzanne Collins,4.5,2010,Fiction
172,"National Geographic Kids Why?: Over 1,111 Answers to Everything",Crispin Boyer,4.8,2019,Childrens
173,National Geographic Little Kids First Big Book of Why (National Geographic Little Kids First Big Books),Amy Shields,4.8,2019,Childrens
174,New Moon (The Twilight Saga),Stephenie Meyer,4.6,2009,Fiction
175,Night (Night),Elie Wiesel,4.7,2016,Non Fiction
176,No Easy Day: The Autobiography of a Navy Seal: The Firsthand Account of the Mission That Killed Osama Bin Laden,Mark Owen,4.6,2012,Non Fiction
177,Obama: An Intimate Portrait,Pete Souza,4.9,2017,Non Fiction
178,"Oh, the Places You'll Go!",Dr. Seuss,4.9,2012,Childrens
179,Old School (Diary of a Wimpy Kid #10),Jeff Kinney,4.8,2015,Childrens
180,Olive Kitteridge,Elizabeth Strout,4.2,2009,Fiction
181,One Thousand Gifts: A Dare to Live Fully Right Where You Are,Ann Voskamp,4.6,2011,Non Fiction
182,"Option B: Facing Adversity, Building Resilience, and Finding Joy",Sheryl Sandberg,4.5,2017,Non Fiction
183,Origin: A Novel (Robert Langdon),Dan Brown,4.3,2017,Fiction
184,Orphan Train,Christina Baker Kline,4.6,2014,Fiction
185,Outliers: The Story of Success,Malcolm Gladwell,4.6,2009,Non Fiction
186,P is for Potty! (Sesame Street) (Lift-the-Flap),Naomi Kleinberg,4.7,2018,Childrens
187,Percy Jackson and the Olympians Paperback Boxed Set (Books 1-3),Rick Riordan,4.8,2010,Childrens
188,Player's Handbook (Dungeons & Dragons),Wizards RPG Team,4.8,2017,Fiction
189,Pokémon Deluxe Essential Handbook: The Need-to-Know Stats and Facts on Over 700 Pokémon,Scholastic,4.7,2016,Fiction
190,Proof of Heaven: A Neurosurgeon's Journey into the Afterlife,Eben Alexander,4.3,2012,Non Fiction
191,"Publication Manual of the American Psychological Association, 6th Edition",American Psychological Association,4.5,2009,Non Fiction
192,Puppy Birthday to You! (Paw Patrol) (Little Golden Book),Golden Books,4.8,2017,Fiction
193,Quiet: The Power of Introverts in a World That Can't Stop Talking,Susan Cain,4.6,2012,Non Fiction
194,Radical: Taking Back Your Faith from the American Dream,David Platt,4.7,2010,Non Fiction
195,Ready Player One: A Novel,Ernest Cline,4.6,2017,Fiction
196,Rush Revere and the Brave Pilgrims: Time-Travel Adventures with Exceptional Americans (1),Rush Limbaugh,4.9,2013,Fiction
197,Rush Revere and the First Patriots: Time-Travel Adventures With Exceptional Americans (2),Rush Limbaugh,4.9,2014,Fiction
198,"Salt, Fat, Acid, Heat: Mastering the Elements of Good Cooking",Samin Nosrat,4.8,2018,Non Fiction
199,Sarah's Key,Tatiana de Rosnay,4.6,2010,Fiction
200,"School Zone - Big Preschool Workbook - Ages 4 and Up, Colors, Shapes, Numbers 1-10, Alphabet, Pre-Writing, Pre-Reading…",School Zone,4.8,2018,Childrens
201,"Secret Garden: An Inky Treasure Hunt and Coloring Book (For Adults, mindfulness coloring)",Johanna Basford,4.7,2015,Non Fiction
202,Sh*t My Dad Says,Justin Halpern,4.7,2010,Non Fiction
203,Ship of Fools: How a Selfish Ruling Class Is Bringing America to the Brink of Revolution,Tucker Carlson,4.8,2018,Non Fiction
204,Shred: The Revolutionary Diet: 6 Weeks 4 Inches 2 Sizes,Ian K. Smith M.D.,4.1,2013,Non Fiction
205,Sookie Stackhouse,Charlaine Harris,4.7,2009,Fiction
206,"Soul Healing Miracles: Ancient and New Sacred Wisdom, Knowledge, and Practical Techniques for Healing the Spiritual…",Zhi Gang Sha,4.6,2013,Non Fiction
207,Steve Jobs,Walter Isaacson,4.6,2011,Non Fiction
208,Strange Planet (Strange Planet Series),Nathan W. Pyle,4.9,2019,Fiction
209,StrengthsFinder 2.0,Gallup,4.0,2009,Non Fiction
210,"Super Freakonomics: Global Cooling, Patriotic Prostitutes, and Why Suicide Bombers Should Buy Life Insurance",Steven D. Levitt,4.5,2009,Non Fiction
211,Switch: How to Change Things When Change Is Hard,Chip Heath,4.6,2010,Non Fiction
212,Sycamore Row (Jake Brigance),John Grisham,4.5,2013,Fiction
213,Teach Like a Champion: 49 Techniques that Put Students on the Path to College,Doug Lemov,4.4,2010,Non Fiction
214,The 17 Day Diet: A Doctor's Plan Designed for Rapid Results,Mike Moreno,4.3,2011,Non Fiction
215,"The 4 Hour Body: An Uncommon Guide to Rapid Fat Loss, Incredible Sex and Becoming Superhuman",Timothy Ferriss,4.3,2011,Non Fiction
216,The 5 Love Languages: The Secret to Love That Lasts,Gary Chapman,4.7,2010,Non Fiction
217,The 5 Love Languages: The Secret to Love that Lasts,Gary Chapman,4.8,2015,Non Fiction
218,The 5000 Year Leap,W. Cleon Skousen,4.8,2009,Non Fiction
219,The 7 Habits of Highly Effective People: Powerful Lessons in Personal Change,Stephen R. Covey,4.6,2009,Non Fiction
220,The Alchemist,Paulo Coelho,4.7,2014,Fiction
221,The Amateur,Edward Klein,4.6,2012,Non Fiction
222,The Art of Racing in the Rain: A Novel,Garth Stein,4.7,2010,Fiction
223,The Big Short: Inside the Doomsday Machine,Michael Lewis,4.7,2010,Non Fiction
224,The Blood of Olympus (The Heroes of Olympus (5)),Rick Riordan,4.8,2014,Fiction
225,"The Blood Sugar Solution: The UltraHealthy Program for Losing Weight, Preventing Disease, and Feeling Great Now!",Mark Hyman M.D.,4.2,2012,Non Fiction
226,"The Body Keeps the Score: Brain, Mind, and Body in the Healing of Trauma",Bessel van der Kolk M.D.,4.8,2019,Non Fiction
227,The Book of Basketball: The NBA According to The Sports Guy,Bill Simmons,4.7,2009,Non Fiction
228,The Book Thief,Markus Zusak,4.6,2013,Fiction
229,The Book with No Pictures,B. J. Novak,4.8,2014,Fiction
230,The Boys in the Boat: Nine Americans and Their Epic Quest for Gold at the 1936 Berlin Olympics,Daniel James Brown,4.8,2014,Non Fiction
231,The Casual Vacancy,J.K. Rowling,3.3,2012,Fiction
232,The China Study: The Most Comprehensive Study of Nutrition Ever Conducted And the Startling Implications for Diet…,Thomas Campbell,4.7,2011,Non Fiction
233,The Complete Ketogenic Diet for Beginners: Your Essential Guide to Living the Keto Lifestyle,Amy Ramos,4.3,2018,Non Fiction
234,The Confession: A Novel,John Grisham,4.3,2010,Fiction
235,The Constitution of the United States,Delegates of the Constitutional,4.8,2016,Non Fiction
236,The Daily Show with Jon Stewart Presents Earth (The Book): A Visitor's Guide to the Human Race,Jon Stewart,4.4,2010,Non Fiction
237,The Day the Crayons Quit,Drew Daywalt,4.8,2013,Fiction
238,"The Dukan Diet: 2 Steps to Lose the Weight, 2 Steps to Keep It Off Forever",Pierre Dukan,4.1,2011,Non Fiction
239,The Elegance of the Hedgehog,Muriel Barbery,4.0,2009,Fiction
240,The Fault in Our Stars,John Green,4.7,2012,Fiction
241,The Five Dysfunctions of a Team: A Leadership Fable,Patrick Lencioni,4.6,2009,Non Fiction
242,The Five Love Languages: How to Express Heartfelt Commitment to Your Mate,Gary Chapman,4.6,2009,Non Fiction
243,The Four Agreements: A Practical Guide to Personal Freedom (A Toltec Wisdom Book),Don Miguel Ruiz,4.7,2013,Non Fiction
244,The Getaway,Jeff Kinney,4.8,2017,Fiction
245,The Girl on the Train,Paula Hawkins,4.1,2015,Fiction
246,The Girl Who Kicked the Hornet's Nest (Millennium Trilogy),Stieg Larsson,4.7,2010,Fiction
247,The Girl Who Played with Fire (Millennium Series),Stieg Larsson,4.7,2010,Fiction
248,The Girl Who Played with Fire (Millennium),Stieg Larsson,4.7,2009,Fiction
249,The Girl with the Dragon Tattoo (Millennium Series),Stieg Larsson,4.4,2009,Fiction
250,The Going-To-Bed Book,Sandra Boynton,4.8,2016,Childrens
251,The Goldfinch: A Novel (Pulitzer Prize for Fiction),Donna Tartt,3.9,2013,Fiction
252,The Great Gatsby,F. Scott Fitzgerald,4.4,2012,Fiction
253,The Guardians: A Novel,John Grisham,4.5,2019,Fiction
254,The Guernsey Literary and Potato Peel Pie Society,Mary Ann Shaffer,4.7,2009,Fiction
255,The Handmaid's Tale,Margaret Atwood,4.3,2017,Fiction
256,The Harbinger: The Ancient Mystery that Holds the Secret of America's Future,Jonathan Cahn,4.6,2012,Fiction
257,The Hate U Give,Angie Thomas,4.8,2018,Fiction
258,The Help,Kathryn Stockett,4.8,2009,Fiction
259,"The House of Hades (Heroes of Olympus, Book 4)",Rick Riordan,4.8,2013,Fiction
260,The Hunger Games,Suzanne Collins,4.7,2010,Fiction
261,The Hunger Games (Book 1),Suzanne Collins,4.7,2011,Fiction
262,The Hunger Games Trilogy Boxed Set (1),Suzanne Collins,4.8,2011,Fiction
263,The Immortal Life of Henrietta Lacks,Rebecca Skloot,4.7,2010,Non Fiction
264,The Instant Pot Electric Pressure Cooker Cookbook: Easy Recipes for Fast & Healthy Meals,Laurel Randolph,4.3,2017,Non Fiction
265,The Last Lecture,Randy Pausch,4.7,2009,Non Fiction
266,"The Last Olympian (Percy Jackson and the Olympians, Book 5)",Rick Riordan,4.8,2009,Fiction
267,The Legend of Zelda: Hyrule Historia,Patrick Thorpe,4.9,2013,Fiction
268,The Lego Ideas Book: Unlock Your Imagination,Daniel Lipkowitz,4.4,2011,Childrens
269,The Life-Changing Magic of Tidying Up: The Japanese Art of Decluttering and Organizing,Marie Kondō,4.5,2015,Non Fiction
270,The Litigators,John Grisham,4.4,2011,Fiction
271,"The Lost Hero (Heroes of Olympus, Book 1)",Rick Riordan,4.8,2010,Fiction
272,The Lost Symbol,Dan Brown,4.2,2009,Fiction
273,The Love Dare,Stephen Kendrick,4.8,2009,Non Fiction
274,The Magnolia Story,Chip Gaines,4.9,2016,Non Fiction
275,"The Mark of Athena (Heroes of Olympus, Book 3)",Rick Riordan,4.8,2012,Fiction
276,The Martian,Andy Weir,4.7,2015,Fiction
277,The Maze Runner (Book 1),James Dashner,4.5,2014,Fiction
278,The Meltdown (Diary of a Wimpy Kid Book 13),Jeff Kinney,4.8,2018,Childrens
279,The Mueller Report,The Washington Post,4.6,2019,Non Fiction
280,The Nightingale: A Novel,Kristin Hannah,4.8,2015,Fiction
281,The Official SAT Study Guide,The College Board,4.4,2010,Non Fiction
282,"The Official SAT Study Guide, 2016 Edition (Official Study Guide for the New Sat)",The College Board,4.3,2016,Non Fiction
283,The Paris Wife: A Novel,Paula McLain,4.3,2011,Fiction
284,"The Pioneer Woman Cooks: A Year of Holidays: 140 Step-by-Step Recipes for Simple, Scrumptious Celebrations",Ree Drummond,4.8,2013,Non Fiction
285,"The Pioneer Woman Cooks: Dinnertime - Comfort Classics, Freezer Food, 16-minute Meals, and Other Delicious Ways to Solve…",Ree Drummond,4.8,2015,Non Fiction
286,The Pioneer Woman Cooks: Food from My Frontier,Ree Drummond,4.8,2012,Non Fiction
287,"The Plant Paradox Cookbook: 100 Delicious Recipes to Help You Lose Weight, Heal Your Gut, and Live Lectin-Free",Dr. Steven R Gundry MD,4.5,2018,Non Fiction
288,"The Plant Paradox: The Hidden Dangers in ""Healthy"" Foods That Cause Disease and Weight Gain",Dr. Steven R Gundry MD,4.4,2018,Non Fiction
289,The Pout-Pout Fish,Deborah Diesen,4.8,2017,Fiction
290,The Power of Habit: Why We Do What We Do in Life and Business,Charles Duhigg,4.6,2012,Non Fiction
291,The President Is Missing: A Novel,James Patterson,4.3,2018,Fiction
292,The Racketeer,John Grisham,4.3,2012,Fiction
293,"The Red Pyramid (The Kane Chronicles, Book 1)",Rick Riordan,4.6,2010,Fiction
294,"The Road to Serfdom: Text and Documents--The Definitive Edition (The Collected Works of F. A. Hayek, Volume 2)",F. A. Hayek,4.6,2010,Non Fiction
295,"The Serpent's Shadow (The Kane Chronicles, Book 3)",Rick Riordan,4.8,2012,Fiction
296,The Shack: Where Tragedy Confronts Eternity,William P. Young,4.6,2009,Fiction
297,The Short Second Life of Bree Tanner: An Eclipse Novella (The Twilight Saga),Stephenie Meyer,4.6,2010,Fiction
298,The Silent Patient,Alex Michaelides,4.5,2019,Fiction
299,"The Son of Neptune (Heroes of Olympus, Book 2)",Rick Riordan,4.8,2011,Fiction
300,The Subtle Art of Not Giving a F*ck: A Counterintuitive Approach to Living a Good Life,Mark Manson,4.6,2017,Non Fiction
301,The Sun and Her Flowers,Rupi Kaur,4.7,2017,Non Fiction
302,"The Third Wheel (Diary of a Wimpy Kid, Book 7)",Jeff Kinney,4.7,2012,Childrens
303,"The Throne of Fire (The Kane Chronicles, Book 2)",Rick Riordan,4.7,2011,Fiction
304,The Time Traveler's Wife,Audrey Niffenegger,4.4,2009,Fiction
305,The Tipping Point: How Little Things Can Make a Big Difference,Malcolm Gladwell,4.4,2009,Non Fiction
306,The Total Money Makeover: Classic Edition: A Proven Plan for Financial Fitness,Dave Ramsey,4.7,2019,Non Fiction
307,The Twilight Saga Collection,Stephenie Meyer,4.7,2009,Fiction
308,"The Ugly Truth (Diary of a Wimpy Kid, Book 5)",Jeff Kinney,4.8,2010,Childrens
309,The Unofficial Harry Potter Cookbook: From Cauldron Cakes to Knickerbocker Glory--More Than 150 Magical Recipes for…,Dinah Bucholz,4.7,2019,Non Fiction
310,The Very Hungry Caterpillar,Eric Carle,4.9,2013,Fiction
311,The Whole30: The 30-Day Guide to Total Health and Food Freedom,Melissa Hartwig Urban,4.6,2015,Non Fiction
312,The Wonderful Things You Will Be,Emily Winfield Martin,4.9,2016,Childrens
313,The Wonky Donkey,Craig Smith,4.8,2018,Fiction
314,The Wright Brothers,David McCullough,4.7,2015,Non Fiction
315,"Things That Matter: Three Decades of Passions, Pastimes and Politics [Deckled Edge]",Charles Krauthammer,4.7,2013,Non Fiction
316,"Thinking, Fast and Slow",Daniel Kahneman,4.6,2011,Non Fiction
317,Thirteen Reasons Why,Jay Asher,4.5,2017,Fiction
318,Thomas Jefferson: The Art of Power,Jon Meacham,4.5,2012,Non Fiction
319,Three Cups of Tea: One Man's Mission to Promote Peace - One School at a Time,Greg Mortenson,4.3,2009,Non Fiction
320,Thug Kitchen: The Official Cookbook: Eat Like You Give a F*ck (Thug Kitchen Cookbooks),Thug Kitchen,4.6,2014,Non Fiction
321,Tina Fey: Bossypants,Tina Fey,4.3,2011,Non Fiction
322,To Kill a Mockingbird,Harper Lee,4.8,2013,Fiction
323,"Tools of Titans: The Tactics, Routines, and Habits of Billionaires, Icons, and World-Class Performers",Timothy Ferriss,4.6,2017,Non Fiction
324,"Towers of Midnight (Wheel of Time, Book Thirteen)",Robert Jordan,4.8,2010,Fiction
325,True Compass: A Memoir,Edward M. Kennedy,4.5,2009,Non Fiction
326,"Twilight (The Twilight Saga, Book 1)",Stephenie Meyer,4.7,2009,Fiction
327,Ultimate Sticker Book: Frozen: More Than 60 Reusable Full-Color Stickers,DK,4.5,2014,Childrens
328,"Unbroken: A World War II Story of Survival, Resilience, and Redemption",Laura Hillenbrand,4.8,2010,Non Fiction
329,Under the Dome: A Novel,Stephen King,4.3,2009,Fiction
330,Unfreedom of the Press,Mark R. Levin,4.9,2019,Non Fiction
331,Unicorn Coloring Book: For Kids Ages 4-8 (US Edition) (Silly Bear Coloring Books),Silly Bear,4.8,2019,Childrens
332,"Uninvited: Living Loved When You Feel Less Than, Left Out, and Lonely",Lysa TerKeurst,4.7,2016,Non Fiction
333,Watchmen,Alan Moore,4.8,2009,Fiction
334,Water for Elephants: A Novel,Sara Gruen,4.5,2011,Fiction
335,What Happened,Hillary Rodham Clinton,4.6,2017,Non Fiction
336,What If?: Serious Scientific Answers to Absurd Hypothetical Questions,Randall Munroe,4.7,2014,Non Fiction
337,What Pet Should I Get? (Classic Seuss),Dr. Seuss,4.7,2015,Childrens
338,What Should Danny Do? (The Power to Choose Series),Adir Levy,4.8,2019,Fiction
339,What to Expect When You're Expecting,Heidi Murkoff,4.4,2011,Non Fiction
340,"Wheat Belly: Lose the Wheat, Lose the Weight, and Find Your Path Back to Health",William Davis,4.4,2012,Non Fiction
341,When Breath Becomes Air,Paul Kalanithi,4.8,2016,Non Fiction
342,Where the Crawdads Sing,Delia Owens,4.8,2019,Fiction
343,Where the Wild Things Are,Maurice Sendak,4.8,2009,Childrens
344,Whose Boat Is This Boat?: Comments That Don't Help in the Aftermath of a Hurricane,The Staff of The Late Show with,4.6,2018,Non Fiction
345,Wild: From Lost to Found on the Pacific Crest Trail,Cheryl Strayed,4.4,2012,Non Fiction
346,Winter of the World: Book Two of the Century Trilogy,Ken Follett,4.5,2012,Fiction
347,Women Food and God: An Unexpected Path to Almost Everything,Geneen Roth,4.2,2010,Non Fiction
348,Wonder,R. J. Palacio,4.8,2013,Fiction
349,Wrecking Ball (Diary of a Wimpy Kid Book 14),Jeff Kinney,4.9,2019,Childrens
